1,Llave de Impacto Snap 8000,Potente llave de impacto para desmontar llantas de autos y motocicletas,139.99,20,1,Snap-on.jpg
2,Gato Hidráulico FACOM Pro,Gato de 3 toneladas para trabajos pesados en talleres automotrices,89.50,18,1,FACOM.jpg
3,Destornillador Matco de Torque,Herramienta de torque ajustable para precisión mecánica,24.99,40,2,MatcoTools.jpg
4,Compresor Portátil Hazet 12V,Compresor compacto ideal para inflar neumáticos en carretera,59.90,35,2,Hazet.jpg
5,Kit Multiherramienta Wera Moto,Set completo para mantenimiento de motocicletas,44.25,30,3,Wera.jpg
6,Pistola Neumática Snap Thunder,Ideal para aflojar pernos oxidados en autos de gran tamaño,155.00,12,1,Snap-on.jpg
7,Scanner Automotriz FACOM X1,Lector OBD2 para diagnóstico de fallas vehiculares modernas,54.99,22,4,FACOM.jpg
8,Manómetro Digital Matco Max,Medidor de presión de llantas con pantalla retroiluminada,11.75,50,3,MatcoTools.jpg
9,Bomba Extractora Hazet OilMaster,Herramienta para extracción rápida de aceite de motor,34.99,17,4,Hazet.jpg
10,Set de Dados Wera Grip 24pz,Juego de dados de alta resistencia para autos y motos,49.50,26,1,Wera.jpg
11,Linterna Mecánica Snap ProLED,Linterna recargable ideal para inspección de motores,19.99,45,5,Snap-on.jpg
12,Multímetro Automotriz FACOM M200,Multímetro preciso para diagnóstico eléctrico automotriz,29.90,32,5,FACOM.jpg
13,Soporte de Moto Matco Stand,Soporte plegable para mantenimiento de motocicletas,55.00,14,6,MatcoTools.jpg
14,Cepillo Desengrasante Hazet Clean,Cepillo resistente para eliminar grasa en motores,6.99,70,7,Hazet.jpg
15,Extractor de Poleas Wera XForce,Herramienta para desmontar poleas en motores,24.80,29,4,Wera.jpg
16,Compresímetro Snap Ultra,Medidor de compresión para motores de autos y motocicletas,38.40,21,6,Snap-on.jpg
17,Embudo Antiderrame FACOM Flex,Embudo flexible con sistema antiderrame para cambios de aceite,7.50,60,7,FACOM.jpg
18,Filtro de Aire Matco ProFlow,Filtro universal compatible con múltiples modelos de motocicletas,14.25,33,3,MatcoTools.jpg
19,Carro Organizante Hazet ToolBox,Carro de herramientas con compartimentos reforzados,112.00,10,8,Hazet.jpg
20,Set de Llaves Wera AutoLine,Juego de llaves combinadas ideal para mecánica automotriz,35.90,27,1,Wera.jpg
